<theme>
    <formatVersion>4</formatVersion>
    <include>./../common.xml</include>
	<include>./../common/templates/bigshot.xml</include>	

	<view name="system">
	<!-- System Specific Images -->
		<image name="logo">
			<path>./logo_h.png</path>
        </image>
		
		<image name="overlay" extra="true">
			<path>./controller_h.png</path>
		</image>
	</view>

	<view name="basic, detailed">
	<!-- System Specific Images -->
		<image name="logo">
			<path>./logo_h.png</path>
		</image>
		
		<image name="overlay" extra="true">
			<path>./controller_h.png</path>
		</image>
	</view>
</theme>
