<!--
  theme name:     rgbpi-flat
  version:        1.0
  author:         Rubén Tomás
  license:        creative commons CC-BY-NC-SA
-->
<theme>
    <formatVersion>4</formatVersion>

    <!-- SYSTEM VIEW -->
    <view name="system">
      <sound name="directory">
        <path>./_assets/music</path>
      </sound>

      <image name="bg_color" extra="true">
        <path>./_assets/images/bg_color.png</path>
        <color>454f52</color>
        <origin>0 0</origin>
        <pos>0 0</pos>
        <size>1 1</size>
      </image>

      <image name="controller" extra="true">
        <origin>0.5 0.5</origin>
        <pos>0.5 0.19</pos>     
        <maxSize>0.5 0.325</maxSize>
      </image>

      <image name="band1" extra="true">
        <size>0.03 1</size>
        <pos>0.80 0</pos>
        <origin>0 0</origin>
        <path>./_assets/images/bg_color.png</path>
      </image>

      <image name="band2" extra="true">
        <size>0.03 1</size>
        <pos>0.829 0</pos>
        <origin>0 0</origin>
        <path>./_assets/images/bg_color.png</path>
      </image>

      <image name="band3" extra="true">
        <size>0.03 1</size>
        <pos>0.858 0</pos>
        <origin>0 0</origin>
        <path>./_assets/images/bg_color.png</path>
      </image>
      
      <image name="band4" extra="true">
        <size>0.03 1</size>
        <pos>0.887 0</pos>
        <origin>0 0</origin>
        <path>./_assets/images/bg_color.png</path>
      </image>

      <helpsystem name="help">
        <fontPath>./_assets/fonts/PetMe64.ttf</fontPath>
        <textColor>FFFFFF</textColor>
        <iconColor>FFFFFF</iconColor>
        <pos>0.012 0.92</pos>
        <fontSize>0.01</fontSize>
      </helpsystem>
    </view>

    <!-- BASIC VIEW -->
    <view name="basic">
      <image name="logo">
        <maxSize>0.5 0.16</maxSize>
        <pos>0.5 0.01</pos>
      </image>

      <image name="bg_color" extra="true">
        <path>./_assets/images/bg_color.png</path>
        <color>454f52</color>
        <origin>0 0</origin>
        <pos>0 0</pos>
        <size>1 1</size>
      </image>

      <image name="bg_logo_color" extra="true">
        <path>./_assets/images/bg_color.png</path>
        <origin>0 0</origin>
        <pos>0 0</pos>
        <size>1 0.18</size>
        <color>DDDDDD</color>
      </image>

      <textlist name="gamelist">
        <fontPath>./_assets/fonts/PetMe64.ttf</fontPath>
        <selectedColor>FFFFFF</selectedColor>
        <primaryColor>FFFFFF</primaryColor>
        <fontSize>0.02</fontSize>
        <forceUppercase>1</forceUppercase>
      </textlist>

      <helpsystem name="help">
        <fontPath>./_assets/fonts/PetMe64.ttf</fontPath>
        <textColor>FFFFFF</textColor>
        <iconColor>FFFFFF</iconColor>
        <pos>0.012 0.92</pos>
        <fontSize>0.005</fontSize>
      </helpsystem> 
    </view>

    <!-- DETAILED VIEW -->
    <view name="detailed">
      <image name="logo">
        <maxSize>0.5 0.16</maxSize>
        <pos>0.5 0.01</pos>
      </image>

      <image name="bg_color" extra="true">
        <path>./_assets/images/bg_color.png</path>
        <color>454f52</color>
        <origin>0 0</origin>
        <pos>0 0</pos>
        <size>1 1</size>
      </image>
      
      <image name="bg_logo_color" extra="true">
        <path>./_assets/images/bg_color.png</path>
        <origin>0 0</origin>
        <pos>0 0</pos>
        <size>1 0.18</size>
        <color>DDDDDD</color>
      </image>

      <textlist name="gamelist">
        <fontPath>./_assets/fonts/PetMe64.ttf</fontPath>
        <selectedColor>FFFFFF</selectedColor>
        <primaryColor>FFFFFF</primaryColor>
        <fontSize>0.02</fontSize>
        <pos>0.02 0.42</pos>
        <size>0.98 0.38</size>
        <horizontalMargin>0.02</horizontalMargin>
        <forceUppercase>1</forceUppercase>
      </textlist>

      <image name="md_image">
        <origin>0.5 0</origin>
        <pos>0.5 0.2</pos>
        <maxSize>0.98 0.2</maxSize>
      </image>

      <image name="bg_meta_color" extra="true">
        <path>./_assets/images/bg_color.png</path>
        <origin>0 0</origin>
        <pos>0 0.82</pos>
        <size>1 0.06</size>
      </image>

      <text name="md_lbl_playcount">
        <fontPath>./_assets/fonts/PetMe64.ttf</fontPath>
        <color>FFFFFF</color>
        <fontSize>0.01</fontSize>
        <forceUppercase>1</forceUppercase>
        <pos>0.02 0.820</pos>
      </text>

      <text name="md_lbl_lastplayed">
        <fontPath>./_assets/fonts/PetMe64.ttf</fontPath>
        <color>FFFFFF</color>
        <fontSize>0.01</fontSize>
        <forceUppercase>1</forceUppercase>
        <pos>0.35 0.820</pos>
      </text>

      <text name="md_playcount">
        <fontPath>./_assets/fonts/PetMe64.ttf</fontPath>
        <color>FFFFFF</color>
        <fontSize>0.01</fontSize>
        <forceUppercase>1</forceUppercase>
        <size>0 0</size>
        <pos>0.255 0.820</pos> <!-- BUG in vertical mode foreced to hardcode the position to display it correctly-->
      </text>

      <datetime name="md_lastplayed">
        <fontPath>./_assets/fonts/PetMe64.ttf</fontPath>
        <color>FFFFFF</color>
        <fontSize>0.01</fontSize>
        <forceUppercase>1</forceUppercase>
      </datetime>

      <!-- UNUSED METADATA -->
      <text name="md_lbl_players, md_lbl_favorite, md_lbl_rating, md_lbl_developer, md_lbl_publisher, md_lbl_genre, md_lbl_releasedate">
        <pos>2 2</pos>
      </text>

      <text name="md_players, md_favorite, md_rating, md_developer, md_publisher, md_genre, md_releasedate">
        <pos>2 2</pos>
      </text>

      <helpsystem name="help">
        <fontPath>./_assets/fonts/PetMe64.ttf</fontPath>
        <textColor>FFFFFF</textColor>
        <iconColor>FFFFFF</iconColor>
        <pos>0.012 0.92</pos>
        <fontSize>0.005</fontSize>
      </helpsystem>
    </view>
</theme>
