<theme>
    <formatVersion>4</formatVersion>

    <include>./../rgbpi.xml</include>

    <!-- MAIN SYSTEM VIEW -->
    <view name="system">
      <image name="logo">
        <path>./logo.png</path>
      </image>

      <image name="controller" extra="true">
        <path>./controller.png</path>
      </image>

      <image name="band1" extra="true">
        <color>A71636</color>
      </image>

      <image name="band2" extra="true">
        <color>C7AF89</color>
      </image>

      <image name="band3" extra="true">
        <color>3C3C3B</color>
      </image>

      <image name="band4" extra="true">
        <color>F4B600</color>
      </image>
    </view>

    <!-- BASIC VIEW -->
    <view name="basic">
      <image name="logo">
        <path>./logo.png</path>
      </image>
      
      <textlist name="gamelist">
        <selectorColor>F4B600</selectorColor>
      </textlist>
    </view>

    <!-- DETAILED VIEW -->
    <view name="detailed">
      <image name="logo">
        <path>./logo.png</path>
      </image>
      
      <image name="bg_meta_color" extra="true">
        <color>F4B600</color>
      </image>
      
      <textlist name="gamelist">
        <selectorColor>F4B600</selectorColor>
      </textlist>
    </view>
</theme>
