<theme>
    <formatVersion>4</formatVersion>

    <include>./../rgbpi.xml</include>

    <!-- MAIN SYSTEM VIEW -->
    <view name="system">
      <image name="logo">
        <path>./logo.png</path>
      </image>

      <image name="controller" extra="true">
        <path>./controller.png</path>
      </image>

      <image name="band1" extra="true">
        <color>E92A30</color>
      </image>

      <image name="band2" extra="true">
        <color>18A94E</color>
      </image>

      <image name="band3" extra="true">
        <color>1D9ED8</color>
      </image>

      <image name="band4" extra="true">
        <color>25374A</color>
      </image>
    </view>

    <!-- BASIC VIEW -->
    <view name="basic">
      <image name="logo">
        <path>./logo.png</path>
      </image>
      
      <textlist name="gamelist">
        <selectorColor>000000</selectorColor>
      </textlist>
    </view>

    <!-- DETAILED VIEW -->
    <view name="detailed">
      <image name="logo">
        <path>./logo.png</path>
      </image>
      
      <image name="bg_meta_color" extra="true">
        <color>000000</color>
      </image>
      
      <textlist name="gamelist">
        <selectorColor>000000</selectorColor>
      </textlist>
    </view>
</theme>
