<theme>
    <formatVersion>3</formatVersion>
    <include>./../common.xml</include>
	<include>./../common/templates/bigshot.xml</include>	

	<view name="system">
		<sound name="bgsound"> <path>./loop.ogg</path> </sound>

	<!-- System Specific Images -->
		<image name="logo">
			<path>./logo_v.png</path>
        </image>
		
		<image name="overlay" extra="true">
			<path></path>
		</image>
	</view>

	<view name="basic, detailed">
	<!-- System Specific Images -->
		<image name="logo">
			<path>./logo_v.png</path>
		</image>
		
		<image name="overlay" extra="true">
			<path></path>
		</image>
	</view>
</theme>
