<theme>
    <formatVersion>3</formatVersion>	

<!-- System View -->
	<view name="system">	
	<!-- Page Layout -->
		<image name="background" extra="true">
			<path>./../images/binding_dark.png</path>
		</image>
		
		<image name="bottom" extra="true">
			<color>73BB54</color>
		</image>
		
		<image name="bottom-highlight" extra="true">
			<color>1F3913</color>
		</image>
	
		<helpsystem name="help">
			<textColor>1F3913</textColor>
			<iconColor>1F3913</iconColor>
		</helpsystem>
		
	<!-- System Specific Images -->
		<image name="overlay" extra="true">
			<color>50417F</color>
		</image>
	</view>
	
	
<!-- Game View - All -->
    <view name="basic, detailed">
	<!-- Page Layout -->
		<image name="background" extra="true">
			<path>./../images/binding_dark.png</path>
		</image>
		
		<image name="top" extra="true">
			<color>73BB54</color>	
		</image>
		
		<image name="top-highlight" extra="true">
			<color>1F3913</color>	
		</image>
		
		<image name="bottom" extra="true">
			<color>73BB54</color>
		</image>
		
		<image name="bottom-highlight" extra="true">
			<color>1F3913</color>
		</image>
		
		<helpsystem name="help">
			<textColor>1F3913</textColor>
			<iconColor>1F3913</iconColor>
		</helpsystem>		
		
	<!-- System Specific Images -->
		<image name="logo">
		</image>
		
		<image name="overlay" extra="true">
			<color>1F3913</color>
		</image>
		
	<!-- Game List -->
		<image name="gamelist-matte" extra="true">
			<color>000000AA</color>
		</image>
	
		<textlist name="gamelist">
			<primaryColor>50417F</primaryColor>
			<secondaryColor>50417F</secondaryColor>
			<selectorColor>50417F</selectorColor>
			<selectedColor>D1D1D1</selectedColor>
		</textlist>
	</view>


<!-- Game View - Basic -->
	<view name="basic">
		<image name="overlay" extra="true">
			<color>50417F99</color>
		</image>
	</view>


<!-- Game View - Detailed -->
	<view name="detailed">
	<!-- Game Image -->
		<image name="image-matte" extra="true">
			<color>000000AA</color>
		</image>
	
	<!-- Metadata -->			
		<image name="meta-matte" extra="true">
			<color>000000AA</color>
		</image>
		
		<text name="md_lbl_players, md_lbl_genre, md_lbl_developer, md_lbl_publisher, md_lbl_releasedate">
			<color>D1D1D1</color>
		</text>
		
		<text name="md_players, md_genre, md_developer, md_publisher">
			<color>D1D1D1</color>
		</text>
		
		<datetime name="md_releasedate">
			<color>D1D1D1</color>
		</datetime>
		
	<!-- Description -->
		<image name="description-matte" extra="true">
			<color>000000AA</color>
		</image>
		
		<text name="md_description">
			<color>D1D1D1</color>
		</text>		
	</view>
	
</theme>