<!--
theme name:		Eudora
version:		1.0
author:			AmadhiX
license:		creative commons CC-BY-NC-SA
based on:		"carbon" by eric hettervik
				"simple" by nils bonenberger
-->

<theme>
    <formatVersion>4</formatVersion>
	
	<!-- System View -->
	<view name="system">	
		<!-- Page Layout -->
		<image name="background" extra="true">
			<path>./common/images/binding_dark_h.png</path>
			<origin>0 0</origin>
			<pos>0 0</pos>
			<size>1 1</size>
			<tile>true</tile>
		</image>
		
		<image name="bottom" extra="true">
			<path>./common/images/white.png</path>
			<origin>0 1</origin>
			<pos>0 1</pos>			
			<size>1 0.0655</size>
			<color>000000</color>
		</image>
		
		<image name="bottom-highlight" extra="true">
			<path>./common/images/white.png</path>
			<origin>0 0</origin>
			<pos>0 0.9345</pos>
			<size>1 0.005</size>
			<color>3D3D3D</color>
		</image>
		
		<!-- System Specific Images -->
		<image name="overlay" extra="true">
			<origin>0.5 0.5</origin>
			<pos>0.5 0.19</pos>			
			<maxSize>0.5 0.325</maxSize>
			<color>A0A0A0</color>
		</image>

		<!-- Page Layout -->
		<helpsystem name="help">
			<textColor>5E5E5E</textColor>
			<iconColor>5E5E5E</iconColor>
		</helpsystem>
	</view>


	<!-- Game View - All -->
    <view name="basic, detailed">
		<!-- Page Layout -->
		<image name="background" extra="true">		
			<origin>0 0</origin>
			<pos>0 0</pos>
			<size>1 1</size>
			<tile>true</tile>
			<path>./common/images/binding_dark_h.png</path>
		</image>
		
		<image name="top" extra="true">
			<path>./common/images/white.png</path>
			<origin>0 0</origin>
			<pos>0 0</pos>
			<size>1 0.16</size>
			<color>000000</color>
		</image>
		
		<image name="top-highlight" extra="true">
			<path>./common/images/whiter.png</path>
			<origin>0 1</origin>
			<pos>0 0.161</pos>
			<size>1 0.004</size>
			<color>3D3D3D</color>
		</image>
		
		<image name="bottom" extra="true">
			<path>./common/images/white.png</path>
			<origin>0 1</origin>
			<pos>0 1</pos>
			<size>1 0.0655</size>
			<color>000000</color>
		</image>
		
		<image name="bottom-highlight" extra="true">
			<path>./common/images/white.png</path>
			<origin>0 0</origin>
			<pos>0 0.9345</pos>
			<size>1 0.005</size>
			<color>3D3D3D</color>
		</image>
		
		<!-- System Specific Images -->
		<image name="logo">			
			<!-- Left Aligned at Top -->
			<origin>0 0.5</origin>
			<pos>0.03 0.0775</pos>
			<maxSize>0.55 0.12</maxSize>
		</image>
		
		<image name="overlay" extra="true">
			<!-- Right Aligned at Top -->
			<origin>1 0.5</origin>
			<pos>0.97 0.0775</pos>
			<maxSize>0.37 0.13</maxSize>
			<color>5E5E5E</color>
		</image>
		
		<!-- Game List -->
		<image name="gamelist-matte" extra="true">
			<path>./common/images/white.png</path>
			<origin>0 0</origin>
			<pos>0.03 0.16</pos>
			<size>0.36 0.7745</size>
			<color>000000AA</color>
		</image>
		
		<textlist name="gamelist">
			<fontPath>./common/fonts/OpenSans-Bold.ttf</fontPath>
			<pos>0.02 0.175</pos>
			<size>0.36 0.71</size>
			<fontSize>0.035</fontSize>
			<lineSpacing>1.31</lineSpacing>
			<horizontalMargin>0.015</horizontalMargin>
			<alignment>left</alignment>
			<forceUppercase>1</forceUppercase>
			<primaryColor>A0A0A0</primaryColor>
			<secondaryColor>A0A0A0</secondaryColor>
			<selectorColor>990000</selectorColor>
			<selectedColor>FFFFFF</selectedColor>
		</textlist>

		<!-- Page Layout -->
		<helpsystem name="help">
			<textColor>5E5E5E</textColor>
			<iconColor>5E5E5E</iconColor>
		</helpsystem>
	</view>


	<!-- Game View - Basic -->
	<view name="basic">
	<!-- Page Layout -->
		<image name="overlay" extra="true">
			<origin>0.5 0.5</origin>
			<pos>0.715 0.55</pos>
			<maxSize>0.51 0.7</maxSize>
			<color>FFFFFF18</color>		
		</image>
		
		<!-- GAME LIST - SANS IMAGES-->
		<image name="gamelist-matte" extra="true">
			<size>0.5 0.7745</size>
		</image>
		
		<textlist name="gamelist">
			<size>0.5 0.72</size>
		</textlist>
	</view>


	<!-- Game View - Detailed -->
	<view name="detailed">
		<!-- Metadata -->
		<text name="md_lbl_players, md_lbl_genre, md_lbl_developer, md_lbl_publisher, md_lbl_releasedate">
			<fontPath>./common/fonts/Lato-Black.ttf</fontPath>
			<fontSize>0.023</fontSize>
			<forceUppercase>1</forceUppercase>			
			<size>0 0</size>
		</text>
		
		<text name="md_players, md_genre, md_developer, md_publisher">
			<fontPath>./common/fonts/Lato-Regular.ttf</fontPath>
			<fontSize>0.023</fontSize>
			<size>0 0</size>
			<color>A0A0A0</color>
		</text>
		
		<datetime name="md_releasedate">
			<fontPath>./common/fonts/Lato-Regular.ttf</fontPath>
			<fontSize>0.023</fontSize>
			<color>A0A0A0</color>
		</datetime>

		
		<!-- Description -->
		<text name="md_description">
			<fontPath>./common/fonts/Lato-Regular.ttf</fontPath>
			<fontSize>0.023</fontSize>
			<color>A0A0A0</color>
		</text>
		
		<!-- Unused Metadata -->
		<text name="md_lbl_favorite, md_favorite, md_lbl_rating, md_lbl_lastplayed, md_lbl_playcount, md_playcount">
			<fontPath>./common/fonts/AdobeBlank.ttf</fontPath>
		</text>
		
		<datetime name="md_lastplayed">
			<fontPath>./common/fonts/AdobeBlank.ttf</fontPath>
		</datetime>
		
		<rating name="md_rating">
			<filledPath>./common/images/transparent.png</filledPath>
			<unfilledPath>./common/images/transparent.png</unfilledPath>
		</rating>
	
		<!-- Metadata -->			
		<image name="meta-matte" extra="true">
			<color>000000AA</color>
		</image>
		
		<text name="md_lbl_players, md_lbl_genre, md_lbl_developer, md_lbl_publisher, md_lbl_releasedate">
			<color>A0A0A0</color>
		</text>
		
		<!-- Description -->
		<image name="description-matte" extra="true">
			<color>000000AA</color>
		</image>

		<!-- Game Image 600x600 -->
		<image name="image-matte" extra="true">
			<path>./common/images/white.png</path>
			<origin>0.0 0.0</origin>
			<pos>0.5343 0.16</pos>
			<size>0.4357 0.7745</size>
			<color>000000AA</color>
		</image>
		
		<image name="md_image">
			<origin>0.5 0.5</origin>
			<pos>0.75215 0.55</pos>
			<maxSize>0.388 0.6898</maxSize>
		</image>
		
		<!-- Metadata - Unused -->
		<text name="md_lbl_favorite, md_favorite, md_lbl_players, md_players, md_lbl_genre, md_genre, md_lbl_developer, md_developer, md_lbl_publisher, md_publisher, md_lbl_releasedate, md_description">
			<fontPath>./common/fonts/AdobeBlank.ttf</fontPath>
		</text>


		
		<datetime name="md_releasedate">
			<fontPath>./common/fonts/AdobeBlank.ttf</fontPath>
		</datetime>
		
		<!-- Game List -->
		<image name="gamelist-matte" extra="true">
			<size>0.4743 0.7745</size>
		</image>
		
		<textlist name="gamelist">
			<size>0.4743 0.71</size>
		</textlist>
	</view>
	
</theme>
