<theme>
    <formatVersion>4</formatVersion>

    <include>./../rgbpi.xml</include>

    <!-- MAIN SYSTEM VIEW -->
    <view name="system">
      <image name="logo">
        <path>./logo_v.png</path>
      </image>

      <image name="controller" extra="true">
        <path>./controller_v.png</path>
      </image>

      <image name="band1" extra="true">
        <color>FFFFFF</color>
      </image>

      <image name="band2" extra="true">
        <color>cc0000</color>
      </image>

      <image name="band3" extra="true">
        <color>666666</color>
      </image>

      <image name="band4" extra="true">
        <color>222222</color>
      </image>
    </view>

    <!-- BASIC VIEW -->
    <view name="basic">
      <image name="logo">
        <path>./logo_v.png</path>
      </image>
      
      <textlist name="gamelist">
        <selectorColor>cc0000</selectorColor>
      </textlist>
    </view>

    <!-- DETAILED VIEW -->
    <view name="detailed">
      <image name="logo">
        <path>./logo_v.png</path>
      </image>
      
      <image name="bg_meta_color" extra="true">
        <color>cc0000</color>
      </image>
      
      <textlist name="gamelist">
        <selectorColor>cc0000</selectorColor>
      </textlist>
    </view>
</theme>
