<theme>
    <formatVersion>4</formatVersion>

    <include>./../rgbpi.xml</include>

    <!-- MAIN SYSTEM VIEW -->
    <view name="system">
      <image name="logo">
        <path>./logo_h.png</path>
      </image>

      <image name="controller" extra="true">
        <path>./controller_h.png</path>
      </image>

      <image name="band1" extra="true">
        <color>dcb001</color>
      </image>

      <image name="band2" extra="true">
        <color>B3B5B7</color>
      </image>

      <image name="band3" extra="true">
        <color>2D292C</color>
      </image>

      <image name="band4" extra="true">
        <color>C0392B</color>
      </image>
    </view>

    <!-- BASIC VIEW -->
    <view name="basic">
      <image name="logo">
        <path>./logo_h.png</path>
      </image>
      
      <textlist name="gamelist">
        <selectorColor>dcb001</selectorColor>
      </textlist>
    </view>

    <!-- DETAILED VIEW -->
    <view name="detailed">
      <image name="logo">
        <path>./logo_h.png</path>
      </image>
      
      <image name="bg_meta_color" extra="true">
        <color>dcb001</color>
      </image>
      
      <textlist name="gamelist">
        <selectorColor>dcb001</selectorColor>
      </textlist>
    </view>
</theme>
